dataset name,resource name,format,rows_checked,rows_pcoded,error
ourairports-ben,List of airports in Benin (HXL tags),csv,6,0,
ourairports-ben,List of airports in Benin (no HXL tags),csv,6,0,
mobility-patterns-west-africa,Estimated mobility patterns for West Africa,csv,,,Unable to download file
mobility-patterns-west-africa,"Estimated high resolution population densities for West Africa (100x100m), 2014",geotiff,,,Not checking format
wfp-food-prices,Global Food Prices Database (WFP),csv,,,
food-consumption-score-fcs,dbo_FoodConsumptionScores.csv,csv,,,Unable to read resource
coping-strategy-index-csi,dbo_CopingStrategiesIndexes.csv,csv,,,Unable to read resource
income-activitie,dbo_Incomes.csv,csv,,,Unable to read resource
fl20090708ben-flood-vectors-asarimp-09-july-2009,mapImage.kmz,kmz,,,Not checking format
fl20090708ben-flood-vectors-asarimp-09-july-2009,FL20090708BEN_gdb.zip,geodatabase,,,Unable to download file
fl20090708ben-flood-vectors-asarimp-27-august-2009,mapImage.kmz,kmz,,,Not checking format
fl20090708ben-flood-vectors-asarimp-27-august-2009,FL20090708BEN_gdb.zip,geodatabase,,,Unable to download file
benin-settlements,Settlements,shp,200,0,
benin-settlements,Benin: settlements.xlsx,xlsx,6,0,
benin-roads,Roads.zip,shp,200,0,
benin-railways,Railway.zip,shp,,,
cod-ab-ben,ben_adm_1m_salb_2019_shapes.zip,shp,,,
cod-ab-ben,ben_adm_1m_salb_2019_EMP.zip,emf,,,Not checking format
cod-ab-ben,BEN_AdminBoundaries_TabularData.xlsx,xlsx,77,77,
cod-ab-ben,ben_adm_1m_salb_2019_gdb.zip,geodatabase,,,
cod-ab-ben,BEN_FR (MapServer),geoservice,,,Not checking format
cod-ab-ben,BEN_pcode (FeatureServer),geoservice,,,Not checking format
cod-ab-ben,BEN_pcode (MapServer),geoservice,,,Not checking format
cod-ab-ben,ben_ppt_map.pptx,pptx,,,Not checking format
daily-summaries-of-precipitation-indicators-for-benin,precipitation_ben.csv,csv,,,
gar15-global-exposure-dataset-for-benin,GAR15 Global Exposure Dataset for Benin.zip,shp,,,
total-mid-year-population-population-totale-au-milieu-de-l-annee,total-mid-year-population(2006-2015).xlsx,xlsx,,,
urban-and-female-population,Urban and Female population(%).xlsx,xlsx,,,
economically-active-population-population-active,Economically active population - Population active.xlsx,xlsx,,,
gross-enrolment-ratio-in-primary-taux-brut-de-scolarisation-au-primaire,Gross enrolment ratio in primary  - Taux brut de scolarisation au primaire.xlsx,xlsx,,,
gender-parity-index-in-secondary-indice-de-parite-de-genre-au-secondaire,Gender parity index in secondary - Indice de parité de genre au secondaire.xlsx,xlsx,,,
total-migrants-total-migrants,POPULATION-migration.xlsx,xlsx,,,
girls-to-boys-ratio-for-primary-and-secondary,Girls to Boys Ratio.xlsx,xlsx,,,
adult-illiteracy-rate-taux-d-analphabetisme-des-adultes,Adult literacy.xlsx,xlsx,,,
proportion-of-births-attended-by-skilled-health-personnel,Goal 5- Improve maternal health -Améliorer la santé maternelle.xlsx,xlsx,,,
afdb-socio-economic-database-1960-2019,"AFDB Socio Economic Database, 1960-2019-ggotmbd.zip",csv,200,0,
africa-millennium-development-goals,Africa Millennium Development Goals.xlsx,xlsx,,,
afdb-commodity-prices-2016,"AFDB Commodity Prices, 2016.xlsx",xlsx,200,0,
afdb-market-trends-2015,"AFDB Market Trends, 2015.xlsx",xlsx,,,
african-regional-energy-statistics-2014,"African Regional Energy Statistics, 2014.xlsx",xlsx,,,
fragile-states-socio-economic-database-2015,Fragile States - Socio Economic Database.xlsx,xlsx,,,
african-financial-survey-database-2016,African Financial Survey.xlsx,xlsx,,,
african-economic-outlook-august-2015,African Economic Outlook January 2019.xlsx,xlsx,,,Unable to read resource
african-development-bank-bank-operations-2012,"African Development Bank, Bank Operations 2016xlsx",xlsx,,,
economic-community-of-central-african-states-statistics-2013,"Economic Community of Central African States Statistics, 2013.xlsx",xlsx,,,Unable to read resource
afdb-country-policy-and-institutional-assessment-2013,"AfDB Country Policy and Institutional Assessment, 2013.xlsx",xlsx,,,Unable to read resource
african-development-bank-food-security-december-2011,"African Development Bank, Food Security, December 2011-kbasybc.zip",csv,,,
african-development-bank-food-security-prices-monthly-december-2011,"African Development Bank, Food Security, Prices, Monthly, December 2011-qptpcpf.zip",csv,,,
african-port-statistics-2013,"African Port Statistics, 2013.xlsx",xlsx,,,Unable to read resource
sahel-humanitarian-needs-overview,HNO -2017 -Sahel-nutrition.csv,csv,,,
sahel-humanitarian-needs-overview,HNO 2017 Sahel-Lake Chad Nutrition as of 25_11_2016.csv,csv,87,0,
sahel-humanitarian-needs-overview,HNO-2017-Sahel- Displacement_per_country.xlsx,xlsx,66,0,
sahel-humanitarian-needs-overview,HNO-2017-Sahel- People in need.xlsx,xlsx,,,
sahel-humanitarian-needs-overview,HNO-2017-Sahel-Food Insecurity.xlsx,xlsx,,,
climatic-zones-in-west-africa,climatic_zones_west_africa.gpkg,geopackage,,,Unable to read resource
world-bank-combined-indicators-for-benin,Combined Indicators for Benin,csv,199,0,
world-bank-combined-indicators-for-benin,QuickCharts-Combined Indicators for Benin,csv,199,0,
worldpop-population-counts-for-benin,ben_ppp_2020.tif,geotiff,,,Not checking format
worldpop-population-counts-for-benin,ben_ppp_2019.tif,geotiff,,,Not checking format
worldpop-population-counts-for-benin,ben_ppp_2018.tif,geotiff,,,Not checking format
worldpop-population-counts-for-benin,ben_ppp_2017.tif,geotiff,,,Not checking format
worldpop-population-counts-for-benin,ben_ppp_2016.tif,geotiff,,,Not checking format
worldpop-population-counts-for-benin,ben_ppp_2020_UNadj.tif,geotiff,,,Not checking format
worldpop-population-counts-for-benin,ben_ppp_2019_UNadj.tif,geotiff,,,Not checking format
worldpop-population-counts-for-benin,ben_ppp_2018_UNadj.tif,geotiff,,,Not checking format
worldpop-population-counts-for-benin,ben_ppp_2017_UNadj.tif,geotiff,,,Not checking format
worldpop-population-counts-for-benin,ben_ppp_2016_UNadj.tif,geotiff,,,Not checking format
worldpop-population-counts-for-benin,ben_ppp_2020_constrained.tif,geotiff,,,Not checking format
worldpop-population-counts-for-benin,ben_ppp_2020_UNadj_constrained.tif,geotiff,,,Not checking format
worldpop-population-counts-for-benin,ben_ppp_2020_1km_Aggregated.tif,geotiff,,,Not checking format
worldpop-population-counts-for-benin,ben_ppp_2020_1km_ASCII_XYZ.zip,geotiff,,,Not checking format
worldpop-population-counts-for-benin,ben_ppp_2020_1km_UNadj_ASCII_XYZ.zip,geotiff,,,Not checking format
worldpop-population-counts-for-benin,ben_ppp_2020_1km_Aggregated_UNadj.tif,geotiff,,,Not checking format
worldpop-population-counts-for-benin,ben_ppp_2019_1km_Aggregated.tif,geotiff,,,Not checking format
worldpop-population-counts-for-benin,ben_ppp_2019_1km_ASCII_XYZ.zip,geotiff,,,Not checking format
worldpop-population-counts-for-benin,ben_ppp_2019_1km_UNadj_ASCII_XYZ.zip,geotiff,,,Not checking format
worldpop-population-counts-for-benin,ben_ppp_2019_1km_Aggregated_UNadj.tif,geotiff,,,Not checking format
worldpop-population-counts-for-benin,ben_ppp_2018_1km_Aggregated.tif,geotiff,,,Not checking format
worldpop-population-counts-for-benin,ben_ppp_2018_1km_ASCII_XYZ.zip,geotiff,,,Not checking format
worldpop-population-counts-for-benin,ben_ppp_2018_1km_UNadj_ASCII_XYZ.zip,geotiff,,,Not checking format
worldpop-population-counts-for-benin,ben_ppp_2018_1km_Aggregated_UNadj.tif,geotiff,,,Not checking format
worldpop-population-counts-for-benin,ben_ppp_2017_1km_Aggregated.tif,geotiff,,,Not checking format
worldpop-population-counts-for-benin,ben_ppp_2017_1km_ASCII_XYZ.zip,geotiff,,,Not checking format
worldpop-population-counts-for-benin,ben_ppp_2017_1km_UNadj_ASCII_XYZ.zip,geotiff,,,Not checking format
worldpop-population-counts-for-benin,ben_ppp_2017_1km_Aggregated_UNadj.tif,geotiff,,,Not checking format
worldpop-population-counts-for-benin,ben_ppp_2016_1km_Aggregated.tif,geotiff,,,Not checking format
worldpop-population-counts-for-benin,ben_ppp_2016_1km_ASCII_XYZ.zip,geotiff,,,Not checking format
worldpop-population-counts-for-benin,ben_ppp_2016_1km_UNadj_ASCII_XYZ.zip,geotiff,,,Not checking format
worldpop-population-counts-for-benin,ben_ppp_2016_1km_Aggregated_UNadj.tif,geotiff,,,Not checking format
fts-requirements-and-funding-data-for-benin,fts_requirements_funding_ben.csv,csv,6,0,
fts-requirements-and-funding-data-for-benin,fts_requirements_funding_covid_ben.csv,csv,1,0,
fts-requirements-and-funding-data-for-benin,fts_requirements_funding_cluster_ben.csv,csv,8,0,
fts-requirements-and-funding-data-for-benin,fts_requirements_funding_globalcluster_ben.csv,csv,16,0,
fts-requirements-and-funding-data-for-benin,fts_incoming_funding_ben.csv,csv,7,0,
who-data-for-benin,All Health Indicators for Benin,csv,183,0,
who-data-for-benin,Mortality and global health estimates Indicators for Benin,csv,183,0,
who-data-for-benin,Sustainable development goals Indicators for Benin,csv,5,0,
who-data-for-benin,Millennium Development Goals (MDGs) Indicators for Benin,csv,5,0,
who-data-for-benin,Health systems Indicators for Benin,csv,41,0,
who-data-for-benin,Malaria Indicators for Benin,csv,200,0,
who-data-for-benin,Tuberculosis Indicators for Benin,csv,200,0,
who-data-for-benin,Child health Indicators for Benin,csv,10,0,
who-data-for-benin,Infectious diseases Indicators for Benin,csv,200,0,
who-data-for-benin,Neglected Tropical Diseases Indicators for Benin,csv,61,0,
who-data-for-benin,World Health Statistics Indicators for Benin,csv,15,0,
who-data-for-benin,Substance use and mental health Indicators for Benin,csv,114,0,
who-data-for-benin,Injuries and violence Indicators for Benin,csv,8,0,
who-data-for-benin,HIV/AIDS and other STIs Indicators for Benin,csv,,,Unable to download file
who-data-for-benin,Public health and environment Indicators for Benin,csv,18,0,
who-data-for-benin,Nutrition Indicators for Benin,csv,31,0,
who-data-for-benin,Child mortality Indicators for Benin,csv,112,0,
who-data-for-benin,Noncommunicable diseases Indicators for Benin,csv,200,0,
who-data-for-benin,Noncommunicable diseases CCS Indicators for Benin,csv,200,0,
who-data-for-benin,Negelected tropical diseases Indicators for Benin,csv,112,0,
who-data-for-benin,Infrastructure Indicators for Benin,csv,10,0,
who-data-for-benin,Essential health technologies Indicators for Benin,csv,20,0,
who-data-for-benin,Medical equipment Indicators for Benin,csv,17,0,
who-data-for-benin,Demographic and socioeconomic statistics Indicators for Benin,csv,12,0,
who-data-for-benin,Health inequality monitor Indicators for Benin,csv,27,0,
who-data-for-benin,Health Equity Monitor Indicators for Benin,csv,48,0,
who-data-for-benin,Child malnutrition Indicators for Benin,csv,68,0,
who-data-for-benin,TOBACCO Indicators for Benin,csv,55,0,
who-data-for-benin,Neglected tropical diseases Indicators for Benin,csv,61,0,
who-data-for-benin,International Health Regulations (2005) monitoring framework Indicators for Benin,csv,79,0,
who-data-for-benin,0 Indicators for Benin,csv,76,0,
who-data-for-benin,Insecticide resistance Indicators for Benin,csv,144,0,
who-data-for-benin,Universal Health Coverage Indicators for Benin,csv,38,0,
who-data-for-benin,Global Observatory for eHealth (GOe) Indicators for Benin,csv,80,0,
who-data-for-benin,"RSUD: GOVERNANCE, POLICY AND FINANCING : PREVENTION Indicators for Benin",csv,4,0,
who-data-for-benin,"RSUD: GOVERNANCE, POLICY AND FINANCING: TREATMENT Indicators for Benin",csv,8,0,
who-data-for-benin,"RSUD: GOVERNANCE, POLICY AND FINANCING: FINANCING Indicators for Benin",csv,6,0,
who-data-for-benin,RSUD: SERVICE ORGANIZATION AND DELIVERY: TREATMENT SECTORS AND PROVIDERS Indicators for Benin,csv,15,0,
who-data-for-benin,RSUD: SERVICE ORGANIZATION AND DELIVERY: TREATMENT CAPACITY AND TREATMENT COVERAGE Indicators for Benin,csv,4,0,
who-data-for-benin,RSUD: SERVICE ORGANIZATION AND DELIVERY: PHARMACOLOGICAL TREATMENT Indicators for Benin,csv,3,0,
who-data-for-benin,RSUD: SERVICE ORGANIZATION AND DELIVERY: SCREENING AND BRIEF INTERVENTIONS Indicators for Benin,csv,8,0,
who-data-for-benin,RSUD: SERVICE ORGANIZATION AND DELIVERY: PREVENTION PROGRAMS AND PROVIDERS Indicators for Benin,csv,28,0,
who-data-for-benin,RSUD: SERVICE ORGANIZATION AND DELIVERY: SPECIAL PROGRAMMES AND SERVICES Indicators for Benin,csv,5,0,
who-data-for-benin,RSUD: HUMAN RESOURCES Indicators for Benin,csv,50,0,
who-data-for-benin,RSUD: INFORMATION SYSTEMS Indicators for Benin,csv,4,0,
who-data-for-benin,RSUD: YOUTH Indicators for Benin,csv,6,0,
who-data-for-benin,FINANCIAL PROTECTION Indicators for Benin,csv,97,0,
who-data-for-benin,Noncommunicable diseases and mental health Indicators for Benin,csv,199,0,
who-data-for-benin,Health workforce Indicators for Benin,csv,9,0,
who-data-for-benin,SEXUAL AND REPRODUCTIVE HEALTH Indicators for Benin,csv,7,0,
who-data-for-benin,Immunization Indicators for Benin,csv,8,0,
who-data-for-benin,NLIS Indicators for Benin,csv,72,0,
who-data-for-benin,AMC GLASS Indicators for Benin,csv,20,0,
who-data-for-benin,QuickCharts Indicators for Benin,csv,199,0,
hotosm_ben_roads,hotosm_ben_roads_lines_shp.zip,shp,,,
hotosm_ben_roads,hotosm_ben_roads_polygons_shp.zip,shp,,,
hotosm_ben_roads,hotosm_ben_roads_gpkg.zip,geopackage,,,
hotosm_ben_roads,hotosm_ben_roads_lines_kml.zip,kml,,,Not checking format
hotosm_ben_roads,hotosm_ben_roads_polygons_kml.zip,kml,,,Not checking format
hotosm_ben_roads,hotosm_ben_gmapsupp_img.zip,garmin img,,,Not checking format
hotosm_ben_points_of_interest,hotosm_ben_points_of_interest_points_shp.zip,shp,,,
hotosm_ben_points_of_interest,hotosm_ben_points_of_interest_polygons_shp.zip,shp,,,
hotosm_ben_points_of_interest,hotosm_ben_points_of_interest_gpkg.zip,geopackage,,,
hotosm_ben_points_of_interest,hotosm_ben_points_of_interest_points_kml.zip,kml,,,Not checking format
hotosm_ben_points_of_interest,hotosm_ben_points_of_interest_polygons_kml.zip,kml,,,Not checking format
hotosm_ben_points_of_interest,hotosm_ben_gmapsupp_img.zip,garmin img,,,Not checking format
hotosm_ben_buildings,hotosm_ben_buildings_polygons_shp.zip,shp,,,
hotosm_ben_buildings,hotosm_ben_buildings_gpkg.zip,geopackage,,,
hotosm_ben_buildings,hotosm_ben_buildings_polygons_kml.zip,kml,,,Not checking format
hotosm_ben_buildings,hotosm_ben_gmapsupp_img.zip,garmin img,,,Not checking format
hotosm_ben_waterways,hotosm_ben_waterways_lines_shp.zip,shp,,,
hotosm_ben_waterways,hotosm_ben_waterways_polygons_shp.zip,shp,,,
hotosm_ben_waterways,hotosm_ben_waterways_gpkg.zip,geopackage,,,
hotosm_ben_waterways,hotosm_ben_waterways_lines_kml.zip,kml,,,Not checking format
hotosm_ben_waterways,hotosm_ben_waterways_polygons_kml.zip,kml,,,Not checking format
hotosm_ben_waterways,hotosm_ben_gmapsupp_img.zip,garmin img,,,Not checking format
world-bank-country-topline-indicators,topline_indicators,csv,199,0,
idmc-idp-data-for-benin,displacement_data,csv,12,0,
idmc-idp-data-for-benin,disaster_data,csv,19,0,
west-and-central-africa-administrative-boundaries-levels,wca_admbnda_adm0_ocha_29062021.zip,shp,24,0,
west-and-central-africa-administrative-boundaries-levels,wca_admbnda_adm1_ocha.zip,shp,200,170,
west-and-central-africa-administrative-boundaries-levels,wca_admbnda_adm2_ocha.zip,shp,200,150,
west-and-central-africa-administrative-boundaries-levels,wca_pplp_ocha.zip,shp,200,200,
west-and-central-africa-administrative-boundaries-levels,wca_admbndl_admALL_ocha.zip,shp,,,
west-and-central-africa-administrative-boundaries-levels,wca_admin-0-1-2_settlements.xlsx,xlsx,200,200,
west-and-central-africa-administrative-boundaries-levels,wca_admbnda_adm1_ocha.json,json,200,170,
west-and-central-africa-administrative-boundaries-levels,wca_admbnda_adm2_ocha.json,json,200,150,
cholera-outbreaks-in-central-and-west-africa-2013-regional-update,wca_Cases2013_RegCholeraPlatformWCA.xlsx,xlsx,17,0,
cholera-outbreaks-in-central-and-west-africa-2014-regional-update,wca_Cases2014_RegCholeraPlatformWCA.xlsx,xlsx,17,0,
cholera-outbreaks-in-central-and-west-africa-2015-regional-update,wca_Cases2015_RegCholeraPlatformWCA.xlsx,xlsx,17,0,
cholera-outbreaks-in-central-and-west-africa-2016-regional-update,wca_Cases2016_RegCholeraPlatformWCA.xlsx,xlsx,18,0,
cholera-outbreaks-in-central-and-west-africa-2017-regional-update,wca_Cases2017_RegCholeraPlatformWCA.xlsx,xlsx,,,
benin-healthsites,Benin-healthsites-geojson,geojson,200,0,
benin-healthsites,Benin-healthsites-csv,csv,,,
benin-healthsites,Benin-healthsites-shp,shp,,,
benin-healthsites,Benin-healthsites-hxl-csv,csv,,,
cholera-outbreaks-in-central-and-west-africa-2012-regional-update,wca_Cases2012_RegCholeraPlatformWCA.xlsx,xlsx,18,0,
africa-population-and-internet-users-statistics,africa-2018-population-and-internet-users-statistics.xlsx,xlsx,,,
africa-average-annual-salaries-for-males-and-females,average-annual-salary-in-africa.xlsx,xlsx,36,0,
sos-children-village-wcaf-outreach-in-2017,SOS KD WCAF outreach in 2017.xlsx,xls,,,
acf_biomass_west-africa_raster,Biomass Production Anomaly 2022,geotiff,,,Not checking format
acf_biomass_west-africa_raster,Biomass Production Anomaly 2021,geotiff,,,Not checking format
acf_biomass_west-africa_raster,Biomass Production Anomaly 2020,geotiff,,,Not checking format
acf_biomass_west-africa_raster,Biomass Production Anomaly 2019,geotiff,,,Not checking format
acf_biomass_west-africa_raster,Biomass Production Anomaly 2018,geotiff,,,Not checking format
acf_biomass_west-africa_raster,Biomass Production Anomaly 2017,geotiff,,,Not checking format
acf_biomass_west-africa_raster,Biomass Production Anomaly 2016,geotiff,,,Not checking format
acf_biomass_west-africa_raster,Biomass Production Anomaly 2015,geotiff,,,Not checking format
acf_biomass_west-africa_raster,Biomass Production Anomaly 2014,geotiff,,,Not checking format
acf_biomass_west-africa_raster,Biomass Production Anomaly 2013,geotiff,,,Not checking format
acf_biomass_west-africa_raster,Biomass Production Anomaly 2012,geotiff,,,Not checking format
acf_biomass_west-africa_raster,Biomass Production Anomaly 2011,geotiff,,,Not checking format
acf_biomass_west-africa_raster,Biomass Production Anomaly 2010,geotiff,,,Not checking format
acf_biomass_west-africa_raster,Biomass Production Anomaly 2009,geotiff,,,Not checking format
acf_biomass_west-africa_raster,Biomass Production Anomaly 2008,geotiff,,,Not checking format
acf_biomass_west-africa_raster,Biomass Production Anomaly 2007,geotiff,,,Not checking format
acf_biomass_west-africa_raster,Biomass Production Anomaly 2006,geotiff,,,Not checking format
acf_biomass_west-africa_raster,Biomass Production Anomaly 2005,geotiff,,,Not checking format
acf_biomass_west-africa_raster,Biomass Production Anomaly 2004,geotiff,,,Not checking format
acf_biomass_west-africa_raster,Biomass Production Anomaly 2003,geotiff,,,Not checking format
acf_biomass_west-africa_raster,Biomass Production Anomaly 2002,geotiff,,,Not checking format
acf_biomass_west-africa_raster,Biomass Production Anomaly 2001,geotiff,,,Not checking format
acf_biomass_west-africa_raster,Biomass Production Anomaly 2000,geotiff,,,Not checking format
acf_biomass_west-africa_raster,Biomass Production Anomaly 1999,geotiff,,,Not checking format
acf_biomass_west-africa_raster,Biomass Production Average,geotiff,,,Not checking format
acf_biomass_west-africa_raster,Biomass Production 2022,geotiff,,,Not checking format
acf_biomass_west-africa_raster,Biomass Production 2021,geotiff,,,Not checking format
acf_biomass_west-africa_raster,Biomass Production 2020,geotiff,,,Not checking format
acf_biomass_west-africa_raster,Biomass Production 2019,geotiff,,,Not checking format
acf_biomass_west-africa_raster,Biomass Production 2018,geotiff,,,Not checking format
acf_biomass_west-africa_raster,Biomass Production 2017,geotiff,,,Not checking format
acf_biomass_west-africa_raster,Biomass Production 2016,geotiff,,,Not checking format
acf_biomass_west-africa_raster,Biomass Production 2015,geotiff,,,Not checking format
acf_biomass_west-africa_raster,Biomass Production 2014,geotiff,,,Not checking format
acf_biomass_west-africa_raster,Biomass Production 2013,geotiff,,,Not checking format
acf_biomass_west-africa_raster,Biomass Production 2012,geotiff,,,Not checking format
acf_biomass_west-africa_raster,Biomass Production 2011,geotiff,,,Not checking format
acf_biomass_west-africa_raster,Biomass Production 2010,geotiff,,,Not checking format
acf_biomass_west-africa_raster,Biomass Production 2009,geotiff,,,Not checking format
acf_biomass_west-africa_raster,Biomass Production 2008,geotiff,,,Not checking format
acf_biomass_west-africa_raster,Biomass Production 2007,geotiff,,,Not checking format
acf_biomass_west-africa_raster,Biomass Production 2006,geotiff,,,Not checking format
acf_biomass_west-africa_raster,Biomass Production 2005,geotiff,,,Not checking format
acf_biomass_west-africa_raster,Biomass Production 2004,geotiff,,,Not checking format
acf_biomass_west-africa_raster,Biomass Production 2003,geotiff,,,Not checking format
acf_biomass_west-africa_raster,Biomass Production 2002,geotiff,,,Not checking format
acf_biomass_west-africa_raster,Biomass Production 2001,geotiff,,,Not checking format
acf_biomass_west-africa_raster,Biomass Production 2000,geotiff,,,Not checking format
acf_biomass_west-africa_raster,Biomass Production 1999,geotiff,,,Not checking format
cadre-harmonise,wca_CHIPC_projected_november2022.geojson,geojson,200,0,
cadre-harmonise,wca_CHIPC_current_november2022.geojson,geojson,200,0,
cadre-harmonise,maps_phases_nov2022.pptx,pptx,,,Not checking format
cadre-harmonise,cadre_harmonise_caf_ipc.xlsx,xlsx,200,200,
cadre-harmonise,Consolidation de Donnees CH 2014 - nov 20212 fr.pdf,pdf,,,Not checking format
cadre-harmonise,Consolidation of CH data 2014 - Nov 2022 en.pdf,pdf,,,Not checking format
cadre-harmonise,IPC_CentralAfricanRepublic.pdf,pdf,,,Not checking format
wfp-food-prices-for-benin,Benin - Food Prices,csv,199,0,
wfp-food-prices-for-benin,QuickCharts: Benin - Food Prices,csv,199,0,
unhabitat-bj-indicators,Indicators_data_BJ,csv,199,0,
benin-uneca-education,UNECA BENIN - Education,csv,,,
benin-uneca-health,UNECA BENIN - Health,csv,,,
benin-uneca-population-and-migration,UNECA BENIN - Population and Migration,csv,,,
iati-ben,IATI activities in Benin,csv,169,0,
faostat-food-security-indicators-for-benin,Suite of Food Security Indicators for Benin,csv,199,0,
faostat-food-security-indicators-for-benin,QuickCharts-Suite of Food Security Indicators for Benin,csv,55,0,
future-of-business-survey-aggregated-data,gsosb_2022_july_data_aggregate_weighted.csv,csv,,,
future-of-business-survey-aggregated-data,gsosb_2022_July_codebook.csv,csv,,,Unable to read resource
future-of-business-survey-aggregated-data,fob_2022_march_data_aggregate_weighted.csv,csv,,,
future-of-business-survey-aggregated-data,fob_2022_march_codebook.csv,csv,,,
future-of-business-survey-aggregated-data,gsosb_2022_january_data_aggregate_weighted.csv,csv,,,
future-of-business-survey-aggregated-data,gsosb_2022_january_codebook.csv,csv,,,Unable to read resource
future-of-business-survey-aggregated-data,fob_2021_september_data_aggregate_weighted_smb.csv,csv,,,
future-of-business-survey-aggregated-data,fob_2021_september_codebook_aggregate.csv,csv,,,
future-of-business-survey-aggregated-data,gsosb_2021julyaugust_data_aggregate_weighted.csv,csv,,,
future-of-business-survey-aggregated-data,gsosb_2021julyaugust_codebook.csv,csv,,,Unable to read resource
future-of-business-survey-aggregated-data,gsosb_2021feb_data_aggregate_weighted.csv,csv,,,Unable to read resource
future-of-business-survey-aggregated-data,gsosb_2021_february_codebook.csv,csv,,,Unable to read resource
future-of-business-survey-aggregated-data,fob_2020_december_data_aggregate_weighted_smb.csv,csv,,,
future-of-business-survey-aggregated-data,fob_2020_december_aggregate_codebook.csv,csv,,,Unable to read resource
future-of-business-survey-aggregated-data,fob_2020_october_data_aggregate_weighted_smb.csv,csv,,,
future-of-business-survey-aggregated-data,fob_2020_october_aggregate_codebook.csv,csv,,,Unable to read resource
future-of-business-survey-aggregated-data,fob_2020_september_data_aggregate_weighted_smb.csv,csv,,,
future-of-business-survey-aggregated-data,fob_2020_september_aggregate_codebook.csv,csv,,,Unable to read resource
future-of-business-survey-aggregated-data,fob_2020_august_data_aggregate_weighted_smb.csv,csv,,,
future-of-business-survey-aggregated-data,fob_2020_august_aggregate_codebook.csv,csv,,,Unable to read resource
future-of-business-survey-aggregated-data,fob_2020_july_data_aggregate_weighted_smb.csv,csv,,,
future-of-business-survey-aggregated-data,fob_2020_july_aggregate_codebook.csv,csv,,,Unable to read resource
future-of-business-survey-aggregated-data,fob_2020_june_data_aggregate_weighted_smb.csv,csv,,,
future-of-business-survey-aggregated-data,fob_2020_june_aggregate_codebook.csv,csv,,,Unable to read resource
future-of-business-survey-aggregated-data,fob_2020_may_data_aggregate_weighted_smb.csv,csv,,,
future-of-business-survey-aggregated-data,fob_2020_may_aggregate_codebook.csv,csv,,,Unable to read resource
future-of-business-survey-aggregated-data,fob_2019_december_data_aggregate_weighted_smb.csv,csv,,,
future-of-business-survey-aggregated-data,fob_2019_december_aggregate_codebook.csv,csv,,,
future-of-business-survey-aggregated-data,fob_2019_june_data_aggregate_weighted_smb.csv,csv,,,
future-of-business-survey-aggregated-data,fob_2019_june_aggregate_codebook.csv,csv,,,
future-of-business-survey-aggregated-data,fob_2018_december_data_aggregate_weighted_smb.csv,csv,,,
future-of-business-survey-aggregated-data,fob_2018_december_aggregate_codebook.csv,csv,,,
future-of-business-survey-aggregated-data,Future of Business Survey - Dashboard Download - Feb 16 - Apr 18 2.csv.zip,csv,,,
future-of-business-survey-aggregated-data,fobs-codebook_0.pdf,pdf,,,Not checking format
highresolutionpopulationdensitymaps-ben,ben_general_2020_geotiff.zip,zip,,,Not checking format
highresolutionpopulationdensitymaps-ben,ben_general_2020_csv.zip,zip,,,Not checking format
highresolutionpopulationdensitymaps-ben,ben_children_under_five_2020_csv.zip,zip,,,Not checking format
highresolutionpopulationdensitymaps-ben,ben_children_under_five_2020_geotiff.zip,zip,,,Not checking format
highresolutionpopulationdensitymaps-ben,ben_elderly_60_plus_2020_csv.zip,zip,,,Not checking format
highresolutionpopulationdensitymaps-ben,ben_elderly_60_plus_2020_geotiff.zip,zip,,,Not checking format
highresolutionpopulationdensitymaps-ben,ben_men_2020_csv.zip,zip,,,Not checking format
highresolutionpopulationdensitymaps-ben,ben_men_2020_geotiff.zip,zip,,,Not checking format
highresolutionpopulationdensitymaps-ben,ben_women_2020_csv.zip,zip,,,Not checking format
highresolutionpopulationdensitymaps-ben,ben_women_2020_geotiff.zip,zip,,,Not checking format
highresolutionpopulationdensitymaps-ben,ben_women_of_reproductive_age_15_49_2020_csv.zip,zip,,,Not checking format
highresolutionpopulationdensitymaps-ben,ben_women_of_reproductive_age_15_49_2020_geotiff.zip,zip,,,Not checking format
highresolutionpopulationdensitymaps-ben,ben_youth_15_24_2020_csv.zip,zip,,,Not checking format
highresolutionpopulationdensitymaps-ben,ben_youth_15_24_2020_geotiff.zip,zip,,,Not checking format
highresolutionpopulationdensitymaps-ben,ben_dg_metadata.json.zip,json,,,
cod-ps-ben,ben_population_statistic_2019_isb_v2.xlsx,xlsx,12,12,
cod-ps-ben,ben_adm0_pop_v2.csv,csv,1,0,
cod-ps-ben,ben_adm1_pop_v2.csv,csv,12,12,
cod-ps-ben,ben_adm2_pop_v2.csv,csv,77,77,
cod-ps-ben,BEN_AdminBoundaries_TabularData.xlsx,xlsx,77,77,
worldpop-births-for-benin,Benin_1km_births_2017.7z,geotiff,,,Not checking format
worldpop-births-for-benin,189_2014.7z,geotiff,,,Not checking format
worldpop-pregnancies-for-benin,Benin_1km_pregnancies_2017.7z,geotiff,,,Not checking format
worldpop-pregnancies-for-benin,198_2014.7z,geotiff,,,Not checking format
worldpop-age-and-sex-structures-for-benin,ben_m_80_2020.tif,geotiff,,,Not checking format
worldpop-age-and-sex-structures-for-benin,ben_m_75_2020.tif,geotiff,,,Not checking format
worldpop-age-and-sex-structures-for-benin,ben_m_70_2020.tif,geotiff,,,Not checking format
worldpop-age-and-sex-structures-for-benin,ben_m_65_2020.tif,geotiff,,,Not checking format
worldpop-age-and-sex-structures-for-benin,ben_m_60_2020.tif,geotiff,,,Not checking format
worldpop-age-and-sex-structures-for-benin,ben_m_5_2020.tif,geotiff,,,Not checking format
worldpop-age-and-sex-structures-for-benin,ben_m_55_2020.tif,geotiff,,,Not checking format
worldpop-age-and-sex-structures-for-benin,ben_m_50_2020.tif,geotiff,,,Not checking format
worldpop-age-and-sex-structures-for-benin,ben_m_45_2020.tif,geotiff,,,Not checking format
worldpop-age-and-sex-structures-for-benin,ben_m_40_2020.tif,geotiff,,,Not checking format
worldpop-age-and-sex-structures-for-benin,ben_m_35_2020.tif,geotiff,,,Not checking format
worldpop-age-and-sex-structures-for-benin,ben_m_30_2020.tif,geotiff,,,Not checking format
worldpop-age-and-sex-structures-for-benin,ben_m_25_2020.tif,geotiff,,,Not checking format
worldpop-age-and-sex-structures-for-benin,ben_m_20_2020.tif,geotiff,,,Not checking format
worldpop-age-and-sex-structures-for-benin,ben_m_1_2020.tif,geotiff,,,Not checking format
worldpop-age-and-sex-structures-for-benin,ben_m_15_2020.tif,geotiff,,,Not checking format
worldpop-age-and-sex-structures-for-benin,ben_m_10_2020.tif,geotiff,,,Not checking format
worldpop-age-and-sex-structures-for-benin,ben_m_0_2020.tif,geotiff,,,Not checking format
worldpop-age-and-sex-structures-for-benin,ben_f_80_2020.tif,geotiff,,,Not checking format
worldpop-age-and-sex-structures-for-benin,ben_f_75_2020.tif,geotiff,,,Not checking format
worldpop-age-and-sex-structures-for-benin,ben_f_70_2020.tif,geotiff,,,Not checking format
worldpop-age-and-sex-structures-for-benin,ben_f_65_2020.tif,geotiff,,,Not checking format
worldpop-age-and-sex-structures-for-benin,ben_f_60_2020.tif,geotiff,,,Not checking format
worldpop-age-and-sex-structures-for-benin,ben_f_5_2020.tif,geotiff,,,Not checking format
worldpop-age-and-sex-structures-for-benin,ben_f_55_2020.tif,geotiff,,,Not checking format
worldpop-age-and-sex-structures-for-benin,ben_f_50_2020.tif,geotiff,,,Not checking format
worldpop-age-and-sex-structures-for-benin,ben_f_45_2020.tif,geotiff,,,Not checking format
worldpop-age-and-sex-structures-for-benin,ben_f_40_2020.tif,geotiff,,,Not checking format
worldpop-age-and-sex-structures-for-benin,ben_f_35_2020.tif,geotiff,,,Not checking format
worldpop-age-and-sex-structures-for-benin,ben_f_30_2020.tif,geotiff,,,Not checking format
worldpop-age-and-sex-structures-for-benin,ben_f_25_2020.tif,geotiff,,,Not checking format
worldpop-age-and-sex-structures-for-benin,ben_f_20_2020.tif,geotiff,,,Not checking format
worldpop-age-and-sex-structures-for-benin,ben_f_1_2020.tif,geotiff,,,Not checking format
worldpop-age-and-sex-structures-for-benin,ben_f_15_2020.tif,geotiff,,,Not checking format
worldpop-age-and-sex-structures-for-benin,ben_f_10_2020.tif,geotiff,,,Not checking format
worldpop-age-and-sex-structures-for-benin,ben_f_0_2020.tif,geotiff,,,Not checking format
worldpop-age-and-sex-structures-for-benin,ben_m_80_2019.tif,geotiff,,,Not checking format
worldpop-age-and-sex-structures-for-benin,ben_m_75_2019.tif,geotiff,,,Not checking format
worldpop-age-and-sex-structures-for-benin,ben_m_70_2019.tif,geotiff,,,Not checking format
worldpop-age-and-sex-structures-for-benin,ben_m_65_2019.tif,geotiff,,,Not checking format
worldpop-age-and-sex-structures-for-benin,ben_m_60_2019.tif,geotiff,,,Not checking format
worldpop-age-and-sex-structures-for-benin,ben_m_5_2019.tif,geotiff,,,Not checking format
worldpop-age-and-sex-structures-for-benin,ben_m_55_2019.tif,geotiff,,,Not checking format
worldpop-age-and-sex-structures-for-benin,ben_m_50_2019.tif,geotiff,,,Not checking format
worldpop-age-and-sex-structures-for-benin,ben_m_45_2019.tif,geotiff,,,Not checking format
worldpop-age-and-sex-structures-for-benin,ben_m_40_2019.tif,geotiff,,,Not checking format
worldpop-age-and-sex-structures-for-benin,ben_m_35_2019.tif,geotiff,,,Not checking format
worldpop-age-and-sex-structures-for-benin,ben_m_30_2019.tif,geotiff,,,Not checking format
worldpop-age-and-sex-structures-for-benin,ben_m_25_2019.tif,geotiff,,,Not checking format
worldpop-age-and-sex-structures-for-benin,ben_m_20_2019.tif,geotiff,,,Not checking format
worldpop-age-and-sex-structures-for-benin,ben_m_1_2019.tif,geotiff,,,Not checking format
worldpop-age-and-sex-structures-for-benin,ben_m_15_2019.tif,geotiff,,,Not checking format
worldpop-age-and-sex-structures-for-benin,ben_m_10_2019.tif,geotiff,,,Not checking format
worldpop-age-and-sex-structures-for-benin,ben_m_0_2019.tif,geotiff,,,Not checking format
worldpop-age-and-sex-structures-for-benin,ben_f_80_2019.tif,geotiff,,,Not checking format
worldpop-age-and-sex-structures-for-benin,ben_f_75_2019.tif,geotiff,,,Not checking format
worldpop-age-and-sex-structures-for-benin,ben_f_70_2019.tif,geotiff,,,Not checking format
worldpop-age-and-sex-structures-for-benin,ben_f_65_2019.tif,geotiff,,,Not checking format
worldpop-age-and-sex-structures-for-benin,ben_f_60_2019.tif,geotiff,,,Not checking format
worldpop-age-and-sex-structures-for-benin,ben_f_5_2019.tif,geotiff,,,Not checking format
worldpop-age-and-sex-structures-for-benin,ben_f_55_2019.tif,geotiff,,,Not checking format
worldpop-age-and-sex-structures-for-benin,ben_f_50_2019.tif,geotiff,,,Not checking format
worldpop-age-and-sex-structures-for-benin,ben_f_45_2019.tif,geotiff,,,Not checking format
worldpop-age-and-sex-structures-for-benin,ben_f_40_2019.tif,geotiff,,,Not checking format
worldpop-age-and-sex-structures-for-benin,ben_f_35_2019.tif,geotiff,,,Not checking format
worldpop-age-and-sex-structures-for-benin,ben_f_30_2019.tif,geotiff,,,Not checking format
worldpop-age-and-sex-structures-for-benin,ben_f_25_2019.tif,geotiff,,,Not checking format
worldpop-age-and-sex-structures-for-benin,ben_f_20_2019.tif,geotiff,,,Not checking format
worldpop-age-and-sex-structures-for-benin,ben_f_1_2019.tif,geotiff,,,Not checking format
worldpop-age-and-sex-structures-for-benin,ben_f_15_2019.tif,geotiff,,,Not checking format
worldpop-age-and-sex-structures-for-benin,ben_f_10_2019.tif,geotiff,,,Not checking format
worldpop-age-and-sex-structures-for-benin,ben_f_0_2019.tif,geotiff,,,Not checking format
worldpop-age-and-sex-structures-for-benin,ben_m_80_2018.tif,geotiff,,,Not checking format
worldpop-age-and-sex-structures-for-benin,ben_m_75_2018.tif,geotiff,,,Not checking format
worldpop-age-and-sex-structures-for-benin,ben_m_70_2018.tif,geotiff,,,Not checking format
worldpop-age-and-sex-structures-for-benin,ben_m_65_2018.tif,geotiff,,,Not checking format
worldpop-age-and-sex-structures-for-benin,ben_m_60_2018.tif,geotiff,,,Not checking format
worldpop-age-and-sex-structures-for-benin,ben_m_5_2018.tif,geotiff,,,Not checking format
worldpop-age-and-sex-structures-for-benin,ben_m_55_2018.tif,geotiff,,,Not checking format
worldpop-age-and-sex-structures-for-benin,ben_m_50_2018.tif,geotiff,,,Not checking format
worldpop-age-and-sex-structures-for-benin,ben_m_45_2018.tif,geotiff,,,Not checking format
worldpop-age-and-sex-structures-for-benin,ben_m_40_2018.tif,geotiff,,,Not checking format
worldpop-age-and-sex-structures-for-benin,ben_m_35_2018.tif,geotiff,,,Not checking format
worldpop-age-and-sex-structures-for-benin,ben_m_30_2018.tif,geotiff,,,Not checking format
worldpop-age-and-sex-structures-for-benin,ben_m_25_2018.tif,geotiff,,,Not checking format
worldpop-age-and-sex-structures-for-benin,ben_m_20_2018.tif,geotiff,,,Not checking format
worldpop-age-and-sex-structures-for-benin,ben_m_1_2018.tif,geotiff,,,Not checking format
worldpop-age-and-sex-structures-for-benin,ben_m_15_2018.tif,geotiff,,,Not checking format
worldpop-age-and-sex-structures-for-benin,ben_m_10_2018.tif,geotiff,,,Not checking format
worldpop-age-and-sex-structures-for-benin,ben_m_0_2018.tif,geotiff,,,Not checking format
worldpop-age-and-sex-structures-for-benin,ben_f_80_2018.tif,geotiff,,,Not checking format
worldpop-age-and-sex-structures-for-benin,ben_f_75_2018.tif,geotiff,,,Not checking format
worldpop-age-and-sex-structures-for-benin,ben_f_70_2018.tif,geotiff,,,Not checking format
worldpop-age-and-sex-structures-for-benin,ben_f_65_2018.tif,geotiff,,,Not checking format
worldpop-age-and-sex-structures-for-benin,ben_f_60_2018.tif,geotiff,,,Not checking format
worldpop-age-and-sex-structures-for-benin,ben_f_5_2018.tif,geotiff,,,Not checking format
worldpop-age-and-sex-structures-for-benin,ben_f_55_2018.tif,geotiff,,,Not checking format
worldpop-age-and-sex-structures-for-benin,ben_f_50_2018.tif,geotiff,,,Not checking format
worldpop-age-and-sex-structures-for-benin,ben_f_45_2018.tif,geotiff,,,Not checking format
worldpop-age-and-sex-structures-for-benin,ben_f_40_2018.tif,geotiff,,,Not checking format
worldpop-age-and-sex-structures-for-benin,ben_f_35_2018.tif,geotiff,,,Not checking format
worldpop-age-and-sex-structures-for-benin,ben_f_30_2018.tif,geotiff,,,Not checking format
worldpop-age-and-sex-structures-for-benin,ben_f_25_2018.tif,geotiff,,,Not checking format
worldpop-age-and-sex-structures-for-benin,ben_f_20_2018.tif,geotiff,,,Not checking format
worldpop-age-and-sex-structures-for-benin,ben_f_1_2018.tif,geotiff,,,Not checking format
worldpop-age-and-sex-structures-for-benin,ben_f_15_2018.tif,geotiff,,,Not checking format
worldpop-age-and-sex-structures-for-benin,ben_f_10_2018.tif,geotiff,,,Not checking format
worldpop-age-and-sex-structures-for-benin,ben_f_0_2018.tif,geotiff,,,Not checking format
worldpop-age-and-sex-structures-for-benin,ben_m_80_2017.tif,geotiff,,,Not checking format
worldpop-age-and-sex-structures-for-benin,ben_m_75_2017.tif,geotiff,,,Not checking format
worldpop-age-and-sex-structures-for-benin,ben_m_70_2017.tif,geotiff,,,Not checking format
worldpop-age-and-sex-structures-for-benin,ben_m_65_2017.tif,geotiff,,,Not checking format
worldpop-age-and-sex-structures-for-benin,ben_m_60_2017.tif,geotiff,,,Not checking format
worldpop-age-and-sex-structures-for-benin,ben_m_5_2017.tif,geotiff,,,Not checking format
worldpop-age-and-sex-structures-for-benin,ben_m_55_2017.tif,geotiff,,,Not checking format
worldpop-age-and-sex-structures-for-benin,ben_m_50_2017.tif,geotiff,,,Not checking format
worldpop-age-and-sex-structures-for-benin,ben_m_45_2017.tif,geotiff,,,Not checking format
worldpop-age-and-sex-structures-for-benin,ben_m_40_2017.tif,geotiff,,,Not checking format
worldpop-age-and-sex-structures-for-benin,ben_m_35_2017.tif,geotiff,,,Not checking format
worldpop-age-and-sex-structures-for-benin,ben_m_30_2017.tif,geotiff,,,Not checking format
worldpop-age-and-sex-structures-for-benin,ben_m_25_2017.tif,geotiff,,,Not checking format
worldpop-age-and-sex-structures-for-benin,ben_m_20_2017.tif,geotiff,,,Not checking format
worldpop-age-and-sex-structures-for-benin,ben_m_1_2017.tif,geotiff,,,Not checking format
worldpop-age-and-sex-structures-for-benin,ben_m_15_2017.tif,geotiff,,,Not checking format
worldpop-age-and-sex-structures-for-benin,ben_m_10_2017.tif,geotiff,,,Not checking format
worldpop-age-and-sex-structures-for-benin,ben_m_0_2017.tif,geotiff,,,Not checking format
worldpop-age-and-sex-structures-for-benin,ben_f_80_2017.tif,geotiff,,,Not checking format
worldpop-age-and-sex-structures-for-benin,ben_f_75_2017.tif,geotiff,,,Not checking format
worldpop-age-and-sex-structures-for-benin,ben_f_70_2017.tif,geotiff,,,Not checking format
worldpop-age-and-sex-structures-for-benin,ben_f_65_2017.tif,geotiff,,,Not checking format
worldpop-age-and-sex-structures-for-benin,ben_f_60_2017.tif,geotiff,,,Not checking format
worldpop-age-and-sex-structures-for-benin,ben_f_5_2017.tif,geotiff,,,Not checking format
worldpop-age-and-sex-structures-for-benin,ben_f_55_2017.tif,geotiff,,,Not checking format
worldpop-age-and-sex-structures-for-benin,ben_f_50_2017.tif,geotiff,,,Not checking format
worldpop-age-and-sex-structures-for-benin,ben_f_45_2017.tif,geotiff,,,Not checking format
worldpop-age-and-sex-structures-for-benin,ben_f_40_2017.tif,geotiff,,,Not checking format
worldpop-age-and-sex-structures-for-benin,ben_f_35_2017.tif,geotiff,,,Not checking format
worldpop-age-and-sex-structures-for-benin,ben_f_30_2017.tif,geotiff,,,Not checking format
worldpop-age-and-sex-structures-for-benin,ben_f_25_2017.tif,geotiff,,,Not checking format
worldpop-age-and-sex-structures-for-benin,ben_f_20_2017.tif,geotiff,,,Not checking format
worldpop-age-and-sex-structures-for-benin,ben_f_1_2017.tif,geotiff,,,Not checking format
worldpop-age-and-sex-structures-for-benin,ben_f_15_2017.tif,geotiff,,,Not checking format
worldpop-age-and-sex-structures-for-benin,ben_f_10_2017.tif,geotiff,,,Not checking format
worldpop-age-and-sex-structures-for-benin,ben_f_0_2017.tif,geotiff,,,Not checking format
worldpop-age-and-sex-structures-for-benin,ben_m_80_2016.tif,geotiff,,,Not checking format
worldpop-age-and-sex-structures-for-benin,ben_m_75_2016.tif,geotiff,,,Not checking format
worldpop-age-and-sex-structures-for-benin,ben_m_70_2016.tif,geotiff,,,Not checking format
worldpop-age-and-sex-structures-for-benin,ben_m_65_2016.tif,geotiff,,,Not checking format
worldpop-age-and-sex-structures-for-benin,ben_m_60_2016.tif,geotiff,,,Not checking format
worldpop-age-and-sex-structures-for-benin,ben_m_5_2016.tif,geotiff,,,Not checking format
worldpop-age-and-sex-structures-for-benin,ben_m_55_2016.tif,geotiff,,,Not checking format
worldpop-age-and-sex-structures-for-benin,ben_m_50_2016.tif,geotiff,,,Not checking format
worldpop-age-and-sex-structures-for-benin,ben_m_45_2016.tif,geotiff,,,Not checking format
worldpop-age-and-sex-structures-for-benin,ben_m_40_2016.tif,geotiff,,,Not checking format
worldpop-age-and-sex-structures-for-benin,ben_m_35_2016.tif,geotiff,,,Not checking format
worldpop-age-and-sex-structures-for-benin,ben_m_30_2016.tif,geotiff,,,Not checking format
worldpop-age-and-sex-structures-for-benin,ben_m_25_2016.tif,geotiff,,,Not checking format
worldpop-age-and-sex-structures-for-benin,ben_m_20_2016.tif,geotiff,,,Not checking format
worldpop-age-and-sex-structures-for-benin,ben_m_1_2016.tif,geotiff,,,Not checking format
worldpop-age-and-sex-structures-for-benin,ben_m_15_2016.tif,geotiff,,,Not checking format
worldpop-age-and-sex-structures-for-benin,ben_m_10_2016.tif,geotiff,,,Not checking format
worldpop-age-and-sex-structures-for-benin,ben_m_0_2016.tif,geotiff,,,Not checking format
worldpop-age-and-sex-structures-for-benin,ben_f_80_2016.tif,geotiff,,,Not checking format
worldpop-age-and-sex-structures-for-benin,ben_f_75_2016.tif,geotiff,,,Not checking format
worldpop-age-and-sex-structures-for-benin,ben_f_70_2016.tif,geotiff,,,Not checking format
worldpop-age-and-sex-structures-for-benin,ben_f_65_2016.tif,geotiff,,,Not checking format
worldpop-age-and-sex-structures-for-benin,ben_f_60_2016.tif,geotiff,,,Not checking format
worldpop-age-and-sex-structures-for-benin,ben_f_5_2016.tif,geotiff,,,Not checking format
worldpop-age-and-sex-structures-for-benin,ben_f_55_2016.tif,geotiff,,,Not checking format
worldpop-age-and-sex-structures-for-benin,ben_f_50_2016.tif,geotiff,,,Not checking format
worldpop-age-and-sex-structures-for-benin,ben_f_45_2016.tif,geotiff,,,Not checking format
worldpop-age-and-sex-structures-for-benin,ben_f_40_2016.tif,geotiff,,,Not checking format
worldpop-age-and-sex-structures-for-benin,ben_f_35_2016.tif,geotiff,,,Not checking format
worldpop-age-and-sex-structures-for-benin,ben_f_30_2016.tif,geotiff,,,Not checking format
worldpop-age-and-sex-structures-for-benin,ben_f_25_2016.tif,geotiff,,,Not checking format
worldpop-age-and-sex-structures-for-benin,ben_f_20_2016.tif,geotiff,,,Not checking format
worldpop-age-and-sex-structures-for-benin,ben_f_1_2016.tif,geotiff,,,Not checking format
worldpop-age-and-sex-structures-for-benin,ben_f_15_2016.tif,geotiff,,,Not checking format
worldpop-age-and-sex-structures-for-benin,ben_f_10_2016.tif,geotiff,,,Not checking format
worldpop-age-and-sex-structures-for-benin,ben_f_0_2016.tif,geotiff,,,Not checking format
dhs-data-for-benin,DHS Quickstats Data for Benin,csv,125,0,
dhs-data-for-benin,DHS Mobile Data for Benin,csv,199,0,
dhs-data-for-benin,SDGs Data for Benin,csv,95,0,
dhs-data-for-benin,MDGs Data for Benin,csv,136,0,
dhs-data-for-benin,PMI/RBM Data for Benin,csv,,,Unable to download file
dhs-data-for-benin,IYCF Data for Benin,csv,52,0,
dhs-data-for-benin,MICS indicators Data for Benin,csv,199,0,
dhs-data-for-benin,FP2020 Data for Benin,csv,169,0,
dhs-data-for-benin,Access to Health Care Data for Benin,csv,199,0,
dhs-data-for-benin,Adult Mortality Data for Benin,csv,30,0,
dhs-data-for-benin,Anemia Data for Benin,csv,56,0,
dhs-data-for-benin,Anthropometry Data for Benin,csv,117,0,
dhs-data-for-benin,Birth Registration Data for Benin,csv,14,0,
dhs-data-for-benin,Child Labor Data for Benin,csv,29,0,
dhs-data-for-benin,Child Mortality Rates Data for Benin,csv,90,0,
dhs-data-for-benin,Diarrhea Data for Benin,csv,199,0,
dhs-data-for-benin,Fertility Rates Data for Benin,csv,60,0,
dhs-data-for-benin,Health Insurance Data for Benin,csv,32,0,
dhs-data-for-benin,HIV Attitudes Data for Benin,csv,89,0,
dhs-data-for-benin,HIV Behavior Data for Benin,csv,199,0,
dhs-data-for-benin,HIV Counseling and Testing Data for Benin,csv,107,0,
dhs-data-for-benin,HIV Knowledge Data for Benin,csv,190,0,
dhs-data-for-benin,Immunization Data for Benin,csv,199,0,
dhs-data-for-benin,Insecticide Treated Nets Data for Benin,csv,129,0,
dhs-data-for-benin,Iodized Salt Data for Benin,csv,28,0,
dhs-data-for-benin,Literacy Data for Benin,csv,82,0,
dhs-data-for-benin,Malaria Parasitemia Data for Benin,csv,12,0,
dhs-data-for-benin,Male Circumcision Data for Benin,csv,9,0,
dhs-data-for-benin,Maternal Mortality Data for Benin,csv,31,0,
dhs-data-for-benin,Men's Fertility and Family Planning Data for Benin,csv,199,0,
dhs-data-for-benin,Micronutrients Data for Benin,csv,73,0,
dhs-data-for-benin,Orphans Data for Benin,csv,67,0,
dhs-data-for-benin,Symptoms of acute respiratory infection (ARI) Data for Benin,csv,46,0,
dhs-data-for-benin,Sexual Intercourse Data for Benin,csv,199,0,
dhs-data-for-benin,Social Marketing Data for Benin,csv,18,0,
dhs-data-for-benin,Tobacco Data for Benin,csv,53,0,
dhs-data-for-benin,Toilet Facilities Data for Benin,csv,164,0,
dhs-data-for-benin,Water Data for Benin,csv,199,0,
dhs-data-for-benin,Select Malaria Indicators Data for Benin,csv,42,0,
dhs-data-for-benin,Select Gender Indicators Data for Benin,csv,60,0,
dhs-data-for-benin,Select Family Planning Indicators Data for Benin,csv,59,0,
dhs-data-for-benin,Select Nutrition Indicators Data for Benin,csv,48,0,
dhs-data-for-benin,Select Child Mortality Indicators Data for Benin,csv,50,0,
dhs-data-for-benin,Select Education Indicators Data for Benin,csv,38,0,
unesco-data-for-benin,SDG 4 Global and Thematic data,csv,,,
unesco-data-for-benin,SDG 4 Global and Thematic indicator list,csv,199,0,
unesco-data-for-benin,SDG 4 Global and Thematic metadata,csv,199,0,
unesco-data-for-benin,Other Policy Relevant Indicators data,csv,,,
unesco-data-for-benin,Other Policy Relevant Indicators indicator list,csv,199,2,
unesco-data-for-benin,Other Policy Relevant Indicators metadata,csv,199,0,
unesco-data-for-benin,Demographic and Socio-economic data,csv,199,0,
unesco-data-for-benin,Demographic and Socio-economic indicator list,csv,35,0,
unesco-data-for-benin,QuickCharts-SDG 4 Global and Thematic data,csv,58,0,
https-s3-amazonaws-com-itos-humanitarian-ben-cod_ben_admin0-geojson,COD_BEN_Admin0.geojson,geojson,1,0,
cod-admin-1-benin-geojson-simplified-geometries-from-gistmaps-live-service-source,COD_BEN_Admin1.geojson,geojson,12,12,
world-bank-agriculture-and-rural-development-indicators-for-benin,Agriculture and Rural Development Indicators for Benin,csv,199,0,
world-bank-agriculture-and-rural-development-indicators-for-benin,QuickCharts-Agriculture and Rural Development Indicators for Benin,csv,133,0,
world-bank-aid-effectiveness-indicators-for-benin,Aid Effectiveness Indicators for Benin,csv,199,0,
world-bank-aid-effectiveness-indicators-for-benin,QuickCharts-Aid Effectiveness Indicators for Benin,csv,101,0,
world-bank-economy-and-growth-indicators-for-benin,Economy and Growth Indicators for Benin,csv,199,0,
world-bank-economy-and-growth-indicators-for-benin,QuickCharts-Economy and Growth Indicators for Benin,csv,141,0,
world-bank-education-indicators-for-benin,Education Indicators for Benin,csv,199,0,
world-bank-education-indicators-for-benin,QuickCharts-Education Indicators for Benin,csv,31,0,
world-bank-energy-and-mining-indicators-for-benin,Energy and Mining Indicators for Benin,csv,199,0,
world-bank-energy-and-mining-indicators-for-benin,QuickCharts-Energy and Mining Indicators for Benin,csv,38,0,
world-bank-environment-indicators-for-benin,Environment Indicators for Benin,csv,199,0,
world-bank-environment-indicators-for-benin,QuickCharts-Environment Indicators for Benin,csv,123,0,
world-bank-financial-sector-indicators-for-benin,Financial Sector Indicators for Benin,csv,199,0,
world-bank-financial-sector-indicators-for-benin,QuickCharts-Financial Sector Indicators for Benin,csv,36,0,
world-bank-health-indicators-for-benin,Health Indicators for Benin,csv,199,0,
world-bank-health-indicators-for-benin,QuickCharts-Health Indicators for Benin,csv,183,0,
world-bank-infrastructure-indicators-for-benin,Infrastructure Indicators for Benin,csv,199,0,
world-bank-infrastructure-indicators-for-benin,QuickCharts-Infrastructure Indicators for Benin,csv,128,0,
world-bank-social-protection-and-labor-indicators-for-benin,Social Protection and Labor Indicators for Benin,csv,199,0,
world-bank-social-protection-and-labor-indicators-for-benin,QuickCharts-Social Protection and Labor Indicators for Benin,csv,87,0,
world-bank-poverty-indicators-for-benin,Poverty Indicators for Benin,csv,85,0,
world-bank-poverty-indicators-for-benin,QuickCharts-Poverty Indicators for Benin,csv,12,0,
world-bank-private-sector-indicators-for-benin,Private Sector Indicators for Benin,csv,199,0,
world-bank-private-sector-indicators-for-benin,QuickCharts-Private Sector Indicators for Benin,csv,12,0,
world-bank-public-sector-indicators-for-benin,Public Sector Indicators for Benin,csv,199,0,
world-bank-public-sector-indicators-for-benin,QuickCharts-Public Sector Indicators for Benin,csv,49,0,
world-bank-science-and-technology-indicators-for-benin,Science and Technology Indicators for Benin,csv,121,0,
world-bank-science-and-technology-indicators-for-benin,QuickCharts-Science and Technology Indicators for Benin,csv,103,0,
world-bank-social-development-indicators-for-benin,Social Development Indicators for Benin,csv,199,0,
world-bank-social-development-indicators-for-benin,QuickCharts-Social Development Indicators for Benin,csv,126,0,
world-bank-urban-development-indicators-for-benin,Urban Development Indicators for Benin,csv,199,0,
world-bank-urban-development-indicators-for-benin,QuickCharts-Urban Development Indicators for Benin,csv,183,0,
world-bank-gender-indicators-for-benin,Gender Indicators for Benin,csv,199,0,
world-bank-gender-indicators-for-benin,QuickCharts-Gender Indicators for Benin,csv,88,0,
world-bank-millenium-development-goals-indicators-for-benin,Millenium development goals Indicators for Benin,csv,23,0,
world-bank-millenium-development-goals-indicators-for-benin,QuickCharts-Millenium development goals Indicators for Benin,csv,20,0,
world-bank-climate-change-indicators-for-benin,Climate Change Indicators for Benin,csv,199,0,
world-bank-climate-change-indicators-for-benin,QuickCharts-Climate Change Indicators for Benin,csv,126,0,
world-bank-external-debt-indicators-for-benin,External Debt Indicators for Benin,csv,199,0,
world-bank-external-debt-indicators-for-benin,QuickCharts-External Debt Indicators for Benin,csv,141,0,
world-bank-trade-indicators-for-benin,Trade Indicators for Benin,csv,199,0,
world-bank-trade-indicators-for-benin,QuickCharts-Trade Indicators for Benin,csv,18,0,
hotosm_ben_airports,hotosm_ben_airports_points_shp.zip,shp,,,
hotosm_ben_airports,hotosm_ben_airports_lines_shp.zip,shp,,,
hotosm_ben_airports,hotosm_ben_airports_polygons_shp.zip,shp,,,
hotosm_ben_airports,hotosm_ben_airports_gpkg.zip,geopackage,,,
hotosm_ben_airports,hotosm_ben_airports_points_kml.zip,kml,,,Not checking format
hotosm_ben_airports,hotosm_ben_airports_lines_kml.zip,kml,,,Not checking format
hotosm_ben_airports,hotosm_ben_airports_polygons_kml.zip,kml,,,Not checking format
hotosm_ben_airports,hotosm_ben_gmapsupp_img.zip,garmin img,,,Not checking format
hotosm_ben_sea_ports,hotosm_ben_sea_ports_points_shp.zip,shp,,,
hotosm_ben_sea_ports,hotosm_ben_sea_ports_lines_shp.zip,shp,,,
hotosm_ben_sea_ports,hotosm_ben_sea_ports_polygons_shp.zip,shp,,,
hotosm_ben_sea_ports,hotosm_ben_sea_ports_gpkg.zip,geopackage,,,
hotosm_ben_sea_ports,hotosm_ben_sea_ports_points_kml.zip,kml,,,Not checking format
hotosm_ben_sea_ports,hotosm_ben_sea_ports_lines_kml.zip,kml,,,Not checking format
hotosm_ben_sea_ports,hotosm_ben_sea_ports_polygons_kml.zip,kml,,,Not checking format
hotosm_ben_sea_ports,hotosm_ben_gmapsupp_img.zip,garmin img,,,Not checking format
hotosm_ben_education_facilities,hotosm_ben_education_facilities_points_shp.zip,shp,,,
hotosm_ben_education_facilities,hotosm_ben_education_facilities_polygons_shp.zip,shp,,,
hotosm_ben_education_facilities,hotosm_ben_education_facilities_gpkg.zip,geopackage,,,
hotosm_ben_education_facilities,hotosm_ben_education_facilities_points_kml.zip,kml,,,Not checking format
hotosm_ben_education_facilities,hotosm_ben_education_facilities_polygons_kml.zip,kml,,,Not checking format
hotosm_ben_education_facilities,hotosm_ben_gmapsupp_img.zip,garmin img,,,Not checking format
hotosm_ben_health_facilities,hotosm_ben_health_facilities_points_shp.zip,shp,,,
hotosm_ben_health_facilities,hotosm_ben_health_facilities_polygons_shp.zip,shp,,,
hotosm_ben_health_facilities,hotosm_ben_health_facilities_gpkg.zip,geopackage,,,
hotosm_ben_health_facilities,hotosm_ben_health_facilities_points_kml.zip,kml,,,Not checking format
hotosm_ben_health_facilities,hotosm_ben_health_facilities_polygons_kml.zip,kml,,,Not checking format
hotosm_ben_health_facilities,hotosm_ben_gmapsupp_img.zip,garmin img,,,Not checking format
hotosm_ben_populated_places,hotosm_ben_populated_places_points_shp.zip,shp,,,
hotosm_ben_populated_places,hotosm_ben_populated_places_polygons_shp.zip,shp,,,
hotosm_ben_populated_places,hotosm_ben_populated_places_gpkg.zip,geopackage,,,
hotosm_ben_populated_places,hotosm_ben_populated_places_points_kml.zip,kml,,,Not checking format
hotosm_ben_populated_places,hotosm_ben_populated_places_polygons_kml.zip,kml,,,Not checking format
hotosm_ben_populated_places,hotosm_ben_gmapsupp_img.zip,garmin img,,,Not checking format
hotosm_ben_financial_services,hotosm_ben_financial_services_points_shp.zip,shp,,,
hotosm_ben_financial_services,hotosm_ben_financial_services_polygons_shp.zip,shp,,,
hotosm_ben_financial_services,hotosm_ben_financial_services_gpkg.zip,geopackage,,,
hotosm_ben_financial_services,hotosm_ben_financial_services_points_kml.zip,kml,,,Not checking format
hotosm_ben_financial_services,hotosm_ben_financial_services_polygons_kml.zip,kml,,,Not checking format
hotosm_ben_financial_services,hotosm_ben_gmapsupp_img.zip,garmin img,,,Not checking format
hotosm_ben_railways,hotosm_ben_railways_points_shp.zip,shp,,,Unable to download file
hotosm_ben_railways,hotosm_ben_railways_lines_shp.zip,shp,,,
hotosm_ben_railways,hotosm_ben_railways_polygons_shp.zip,shp,,,
hotosm_ben_railways,hotosm_ben_railways_gpkg.zip,geopackage,,,
hotosm_ben_railways,hotosm_ben_railways_points_kml.zip,kml,,,Not checking format
hotosm_ben_railways,hotosm_ben_railways_lines_kml.zip,kml,,,Not checking format
hotosm_ben_railways,hotosm_ben_railways_polygons_kml.zip,kml,,,Not checking format
hotosm_ben_railways,hotosm_ben_gmapsupp_img.zip,garmin img,,,Not checking format
global-humanitarian-overview-2021-figures,Humanitarian Needs and Funding 2010-2021.xlsx,xlsx,,,
dhs-subnational-data-for-benin,DHS Quickstats Data for Benin,csv,199,0,
dhs-subnational-data-for-benin,DHS Mobile Data for Benin,csv,199,0,
dhs-subnational-data-for-benin,SDGs Data for Benin,csv,199,0,
dhs-subnational-data-for-benin,MDGs Data for Benin,csv,199,0,
dhs-subnational-data-for-benin,PMI/RBM Data for Benin,csv,,,Unable to download file
dhs-subnational-data-for-benin,IYCF Data for Benin,csv,199,0,
dhs-subnational-data-for-benin,MICS indicators Data for Benin,csv,199,0,
dhs-subnational-data-for-benin,FP2020 Data for Benin,csv,199,0,
dhs-subnational-data-for-benin,Access to Health Care Data for Benin,csv,199,0,
dhs-subnational-data-for-benin,Anemia Data for Benin,csv,199,0,
dhs-subnational-data-for-benin,Anthropometry Data for Benin,csv,199,0,
dhs-subnational-data-for-benin,Birth Registration Data for Benin,csv,199,0,
dhs-subnational-data-for-benin,Child Labor Data for Benin,csv,199,0,
dhs-subnational-data-for-benin,Child Mortality Rates Data for Benin,csv,199,0,
dhs-subnational-data-for-benin,Diarrhea Data for Benin,csv,199,0,
dhs-subnational-data-for-benin,Fertility Rates Data for Benin,csv,199,0,
dhs-subnational-data-for-benin,Health Insurance Data for Benin,csv,199,0,
dhs-subnational-data-for-benin,HIV Attitudes Data for Benin,csv,199,0,
dhs-subnational-data-for-benin,HIV Behavior Data for Benin,csv,199,0,
dhs-subnational-data-for-benin,HIV Counseling and Testing Data for Benin,csv,199,0,
dhs-subnational-data-for-benin,HIV Knowledge Data for Benin,csv,199,0,
dhs-subnational-data-for-benin,Immunization Data for Benin,csv,199,0,
dhs-subnational-data-for-benin,Insecticide Treated Nets Data for Benin,csv,199,0,
dhs-subnational-data-for-benin,Iodized Salt Data for Benin,csv,199,0,
dhs-subnational-data-for-benin,Literacy Data for Benin,csv,199,0,
dhs-subnational-data-for-benin,Malaria Parasitemia Data for Benin,csv,199,0,
dhs-subnational-data-for-benin,Male Circumcision Data for Benin,csv,162,0,
dhs-subnational-data-for-benin,Men's Fertility and Family Planning Data for Benin,csv,199,0,
dhs-subnational-data-for-benin,Micronutrients Data for Benin,csv,199,0,
dhs-subnational-data-for-benin,Orphans Data for Benin,csv,199,0,
dhs-subnational-data-for-benin,Symptoms of acute respiratory infection (ARI) Data for Benin,csv,199,0,
dhs-subnational-data-for-benin,Sexual Intercourse Data for Benin,csv,199,0,
dhs-subnational-data-for-benin,Social Marketing Data for Benin,csv,162,0,
dhs-subnational-data-for-benin,Tobacco Data for Benin,csv,199,0,
dhs-subnational-data-for-benin,Toilet Facilities Data for Benin,csv,199,0,
dhs-subnational-data-for-benin,Water Data for Benin,csv,199,0,
dhs-subnational-data-for-benin,Select Malaria Indicators Data for Benin,csv,199,0,
dhs-subnational-data-for-benin,Select Gender Indicators Data for Benin,csv,199,0,
dhs-subnational-data-for-benin,Select Family Planning Indicators Data for Benin,csv,199,0,
dhs-subnational-data-for-benin,Select Nutrition Indicators Data for Benin,csv,199,0,
dhs-subnational-data-for-benin,Select Child Mortality Indicators Data for Benin,csv,199,0,
dhs-subnational-data-for-benin,Select Education Indicators Data for Benin,csv,199,0,
wca-agencies-location,WCA UN agencies location.xlsx,xlsx,199,109,
health-facilities-in-sub-saharan-africa,Sub-Saharan_health_facilities.zip,shp,,,
health-facilities-in-sub-saharan-africa,Sub-Saharan_health_facilities.xlsx,xlsx,,,
covid-19-impacts-africa,GeoPoll Coronavirus Data_Weighted_2020-04-30_final.xlsx,xlsx,,,
covid-19-impacts-africa,Geopoll_Coronavirus Round 2_WeightedData_5_18.xlsx,xlsx,,,
hdro-data-for-benin,Human Development Indicators for Benin,csv,200,2,
hdro-data-for-benin,QuickCharts-Human Development Indicators for Benin,csv,53,0,
faostat-prices-for-benin,Deflators data for Benin,csv,199,0,
faostat-prices-for-benin,Producer Prices data for Benin,csv,199,0,
faostat-prices-for-benin,Consumer Price Indices data for Benin,csv,199,0,
faostat-prices-for-benin,Exchange rates data for Benin,csv,199,0,
faostat-prices-for-benin,QuickCharts-Consumer Price Indices data for Benin,csv,199,0,
west-and-central-africa-coronavirus-covid-19-situation,wca_covid19_data_admin1_master.xlsx,xlsx,84,84,
covid19_africa_continental_infections-recoveries-deaths,"Africa COVID19 Infections, Recoveries and Deaths.xlsx",xlsx,,,
covid19_africa_continental_infections-recoveries-deaths,"Africa COVID19 Infections, Recoveries and Deaths.xls",xls,,,
covid19_africa_continental_infections-recoveries-deaths,Metadata_Africa_Covid-19_Continental_HERA.pdf,pdf,,,Not checking format
movement-range-maps,How To Understand This Data.txt,txt,,,Not checking format
movement-range-maps,movement-range-data-2022-05-22.zip,zip,,,Not checking format
movement-range-maps,movement-range-data-2020-03-01--2020-12-31.zip,txt,,,Not checking format
immunization-campaigns-impacted,Immunization Campaigns Impacted,csv,,,
social-connectedness-index,Documentation - FB Social Connectedness Index - October 2021.pdf,pdf,,,Not checking format
social-connectedness-index,Countries-Countries - FB Social Connectedness Index - October 2021.tsv,tsv,,,Not checking format
social-connectedness-index,US counties-Countries - FB Social Connectedness Index - October 2021.tsv,tsv,,,Not checking format
social-connectedness-index,US counties-US counties - FB Social Connectedness Index - October 2021.zip,tsv,,,Not checking format
social-connectedness-index,gadm1_nuts2-gadm1_nuts2 - FB Social Connectedness Index - October 2021.tsv,tsv,,,Not checking format
social-connectedness-index,gadm1_nuts3_counties-gadm1_nuts3_counties - FB Social Connectedness Index - October 2021.zip,tsv,,,Not checking format
social-connectedness-index,US zip code-US zip code - FB Social Connectedness Index - October 2021.zip,tsv,,,Not checking format
compilation-of-international-financial-institution-and-economic-data,Financing flows,csv,,,Unable to read resource
unhcr-population-data-for-ben,Demographics and locations of forcibly displaced persons originating from Benin,csv,200,0,
unhcr-population-data-for-ben,Demographics and locations of forcibly displaced and stateless persons residing in Benin,csv,200,0,
unhcr-population-data-for-ben,End-year stock population figures for forcibly displaced and stateless persons residing in Benin,csv,199,0,
unhcr-population-data-for-ben,Asylum applications by asylum seekers residing in Benin,csv,199,0,
unhcr-population-data-for-ben,Asylum applications by asylum seekers originating from Benin,csv,198,0,
unhcr-population-data-for-ben,Asylum decisions taken on asylum claims of asylum seekers residing in Benin,csv,199,0,
unhcr-population-data-for-ben,Asylum decisions taken on asylum claims of asylum seekers originating from Benin,csv,187,0,
unhcr-population-data-for-ben,End-year stock population figures for forcibly displaced persons originating from Benin,csv,199,0,
unhcr-population-data-for-ben,Solutions for refugees and IDPs residing in Benin,csv,123,0,
unhcr-population-data-for-ben,Solutions for refugees and IDPs originating from Benin,csv,23,0,
unhcr-population-data-for-ben,qc_data.csv,csv,199,0,
benin-covid-19-subnational,BEN_Subnational_Covid19_HERA.xlsx,xlsx,,,
benin-covid-19-subnational,BEN_Subnational_Covid19_HERA.xls,xls,,,
benin-covid-19-subnational,BEN_Subnational_Covid19_HERA.csv,csv,,,
benin-covid-19-subnational,Bénin_Covid-19_Subnational_HXL.csv,csv,199,0,
benin-mpi,BEN.xlsx,xlsx,,,
survey-on-gender-equality-at-home,sogeh_aggcountrydata_2020.xlsx,xlsx,,,
survey-on-gender-equality-at-home,sogeh_aggregiondata_2020.xlsx,xlsx,,,
survey-on-gender-equality-at-home,sogeh_aggcountrydata_2021.xlsx,xlsx,,,
survey-on-gender-equality-at-home,sogeh_aggregiondata_2021.xlsx,xlsx,,,
survey-on-gender-equality-at-home,sogeh_aggcountrydata_allyears.xlsx,xlsx,,,
survey-on-gender-equality-at-home,sogeh_aggregiondata_allyears.xlsx,xlsx,,,
africa-covid19-infected,Africa_COVID19_Daily_Infections_National.xlsx,xlsx,,,
africa-covid19-infected,Africa_COVID19_Daily_Infections_National.xls,xls,,,
africa-covid19-infected,Africa_COVID19_Daily_Infections_National.csv,csv,,,
africa-covid19-infected,Metadata_Africa_Covid-19_Continental_HERA.pdf,pdf,,,Not checking format
africa-covid-19-cumulative-infected-cases,Africa_COVID19_Cumulative_Infections_National.xlsx,xlsx,,,
africa-covid-19-cumulative-infected-cases,Africa_COVID19_Cumulative_Infections_National.xls,xls,,,
africa-covid-19-cumulative-infected-cases,Africa_COVID19_Cumulative_Infections_National.csv,csv,,,
africa-covid-19-cumulative-infected-cases,Metadata_Africa_Covid-19_Continental_HERA.pdf,pdf,,,Not checking format
africa-covid-19-recovered-cases,Africa_COVID19_Daily_Recoveries_National.xlsx,xlsx,,,
africa-covid-19-recovered-cases,Africa_COVID19_Daily_Recoveries_National.xls,xls,,,
africa-covid-19-recovered-cases,Africa_COVID19_Daily_Recoveries_National.csv,csv,,,
africa-covid-19-recovered-cases,Metadata_Africa_Covid-19_Continental_HERA.pdf,pdf,,,Not checking format
africa-covid-19-cumulative-recoveries,Africa_COVID19_Cumulative_Recoveries_National.xlsx,xlsx,,,
africa-covid-19-cumulative-recoveries,Africa_COVID19_Cumulative_Recoveries_National.xls,xls,,,
africa-covid-19-cumulative-recoveries,Africa_COVID19_Cumulative_Recoveries_National.csv,csv,,,
africa-covid-19-cumulative-recoveries,Metadata_Africa_Covid-19_Continental_HERA.pdf,pdf,,,Not checking format
africa-covid-19-death-cases,Africa_COVID19_Daily_Deaths_National.xlsx,xlsx,,,
africa-covid-19-death-cases,Africa_COVID19_Daily_Deaths_National.xls,xls,,,
africa-covid-19-death-cases,Africa_COVID19_Daily_Deaths_National.csv,csv,,,
africa-covid-19-death-cases,Metadata_Africa_Covid-19_Continental_HERA.pdf,pdf,,,Not checking format
africa-covid-19-cumulative-deaths,Africa_COVID19_Cumulative_Deaths_National.xlsx,xlsx,,,
africa-covid-19-cumulative-deaths,Africa_COVID19_Cumulative_Deaths_National.xls,xls,,,
africa-covid-19-cumulative-deaths,Africa_COVID19_Cumulative_Deaths_National.csv,csv,,,
africa-covid-19-cumulative-deaths,Metadata_Africa_Covid-19_Continental_HERA.pdf,pdf,,,Not checking format
access-indicators,Access Indicators,csv,62,0,
worldpop-population-density-for-benin,ben_pd_2020_1km_ASCII_XYZ.zip,geotiff,,,Not checking format
worldpop-population-density-for-benin,ben_pd_2020_1km.tif,geotiff,,,Not checking format
worldpop-population-density-for-benin,ben_pd_2020_1km_UNadj_ASCII_XYZ.zip,geotiff,,,Not checking format
worldpop-population-density-for-benin,ben_pd_2020_1km_UNadj.tif,geotiff,,,Not checking format
worldpop-population-density-for-benin,ben_pd_2019_1km_ASCII_XYZ.zip,geotiff,,,Not checking format
worldpop-population-density-for-benin,ben_pd_2019_1km.tif,geotiff,,,Not checking format
worldpop-population-density-for-benin,ben_pd_2019_1km_UNadj_ASCII_XYZ.zip,geotiff,,,Not checking format
worldpop-population-density-for-benin,ben_pd_2019_1km_UNadj.tif,geotiff,,,Not checking format
worldpop-population-density-for-benin,ben_pd_2018_1km_ASCII_XYZ.zip,geotiff,,,Not checking format
worldpop-population-density-for-benin,ben_pd_2018_1km.tif,geotiff,,,Not checking format
worldpop-population-density-for-benin,ben_pd_2018_1km_UNadj_ASCII_XYZ.zip,geotiff,,,Not checking format
worldpop-population-density-for-benin,ben_pd_2018_1km_UNadj.tif,geotiff,,,Not checking format
worldpop-population-density-for-benin,ben_pd_2017_1km_ASCII_XYZ.zip,geotiff,,,Not checking format
worldpop-population-density-for-benin,ben_pd_2017_1km.tif,geotiff,,,Not checking format
worldpop-population-density-for-benin,ben_pd_2017_1km_UNadj_ASCII_XYZ.zip,geotiff,,,Not checking format
worldpop-population-density-for-benin,ben_pd_2017_1km_UNadj.tif,geotiff,,,Not checking format
worldpop-population-density-for-benin,ben_pd_2016_1km_ASCII_XYZ.zip,geotiff,,,Not checking format
worldpop-population-density-for-benin,ben_pd_2016_1km.tif,geotiff,,,Not checking format
worldpop-population-density-for-benin,ben_pd_2016_1km_UNadj_ASCII_XYZ.zip,geotiff,,,Not checking format
worldpop-population-density-for-benin,ben_pd_2016_1km_UNadj.tif,geotiff,,,Not checking format
acf_biomass_west-africa_vector,BIO_ADM_0.zip,shp,17,0,
acf_biomass_west-africa_vector,BIO_ADM_1.zip,shp,200,151,
acf_biomass_west-africa_vector,BIO_ADM_2.zip,shp,200,155,
acf_biomass_west-africa_vector,BIO_ADM_0.xlsx,xlsx,17,0,
acf_biomass_west-africa_vector,BIO_ADM_1.xlsx,xlsx,200,0,
acf_biomass_west-africa_vector,BIO_ADM_2.xlsx,xlsx,200,155,
number-of-admissions-for-treatment-of-severe-acute-malnutrition-sam,DF_SITREP_COVID19.csv,csv,,,
benin-level-1-exposure-data,BEN_oed_exposure_20200811_hdx.zip,csv,,,
relative-wealth-index,Turkey_relative_wealth_index.csv,csv,,,
relative-wealth-index,Relative Wealth Index - 93 Low and Middle Income Countries with Quadkeys - April 2021.zip,csv,,,
relative-wealth-index,Relative Wealth Index - 93 Low and Middle Income Countries - April 2021.zip,csv,,,
relative-wealth-index,Albania_relative_wealth_index.csv,csv,,,
relative-wealth-index,Armenia_relative_wealth_index.csv,csv,,,
relative-wealth-index,Bosnia and Herzegovina_relative_wealth_index.csv,csv,,,
relative-wealth-index,Georgia_relative_wealth_index.csv,csv,,,
relative-wealth-index,Moldova_relative_wealth_index.csv,csv,,,
relative-wealth-index,Montenegro_relative_wealth_index.csv,csv,,,
relative-wealth-index,North Macedonia_relative_wealth_index.csv,csv,,,
relative-wealth-index,Serbia_relative_wealth_index.csv,csv,,,
relative-wealth-index,Ukraine_relative_wealth_index.csv,csv,,,
relative-wealth-index,Turkey_relative_wealth_index.csv,csv,,,
relative-wealth-index,Romania_relative_wealth_index.csv,csv,,,
relative-wealth-index,Algeria_relative_wealth_index.csv,csv,,,
relative-wealth-index,Angola_relative_wealth_index.csv,csv,,,
relative-wealth-index,Argentina_relative_wealth_index.csv,csv,,,
relative-wealth-index,Azerbaijan_relative_wealth_index.csv.csv,csv,,,
relative-wealth-index,Bulgaria_relative_wealth_index.csv,csv,,,
relative-wealth-index,Burundi_relative_wealth_index.csv,csv,,,
relative-wealth-index,Benin_relative_wealth_index.csv,csv,,,
relative-wealth-index,Burkina Faso_relative_wealth_index.csv,csv,,,
relative-wealth-index,Bangladesh_relative_wealth_index.csv,csv,,,
relative-wealth-index,Belize_relative_wealth_index.csv,csv,,,
relative-wealth-index,Bolivia_relative_wealth_index.csv,csv,,,
relative-wealth-index,Brazil_relative_wealth_index.csv,csv,,,
relative-wealth-index,Bhutan_relative_wealth_index.csv,csv,,,
relative-wealth-index,Botswana_relative_wealth_index.csv,csv,,,
relative-wealth-index,Central African Republic_relative_wealth_index.csv,csv,,,
relative-wealth-index,Côte d'Ivoire_relative_wealth_index.csv,csv,,,
relative-wealth-index,Cameroon_relative_wealth_index.csv,csv,,,
relative-wealth-index,Democratic Republic of the Congo_relative_wealth_index.csv,csv,,,
relative-wealth-index,Republic of Congo_relative_wealth_index.csv,csv,,,
relative-wealth-index,Colombia_relative_wealth_index.csv,csv,,,
relative-wealth-index,Comoros_relative_wealth_index.csv,csv,,,
relative-wealth-index,Cape Verde_relative_wealth_index.csv,csv,,,
relative-wealth-index,Costa Rica_relative_wealth_index.csv,csv,,,
relative-wealth-index,Djibouti_relative_wealth_index.csv,csv,,,
relative-wealth-index,Dominica_relative_wealth_index.csv,csv,,,
relative-wealth-index,Dominican Republic_relative_wealth_index.csv,csv,,,
relative-wealth-index,Algeria_relative_wealth_index.csv,csv,,,
relative-wealth-index,Ecuador_relative_wealth_index.csv,csv,,,
relative-wealth-index,Egypt_relative_wealth_index.csv,csv,,,
relative-wealth-index,Eritrea_relative_wealth_index.csv,csv,,,
relative-wealth-index,Ethiopia_relative_wealth_index.csv,csv,,,
relative-wealth-index,Gabon_relative_wealth_index.csv,csv,,,
relative-wealth-index,Ghana_relative_wealth_index.csv,csv,,,
relative-wealth-index,Guinea_relative_wealth_index.csv,csv,,,
relative-wealth-index,Gambia_relative_wealth_index.csv,csv,,,
relative-wealth-index,Guinea-Bissau_relative_wealth_index.csv,csv,,,
relative-wealth-index,Equatorial Guinea_relative_wealth_index.csv,csv,,,
relative-wealth-index,Grenada_relative_wealth_index.csv,csv,,,
relative-wealth-index,Guatemala_relative_wealth_index.csv,csv,,,
relative-wealth-index,Guyana_relative_wealth_index.csv,csv,,,
relative-wealth-index,Honduras_relative_wealth_index.csv,csv,,,
relative-wealth-index,Haiti_relative_wealth_index.csv,csv,,,
relative-wealth-index,Indonesia_relative_wealth_index.csv,csv,,,
relative-wealth-index,India and Pakistan_relative_wealth_index.csv,csv,,,
relative-wealth-index,Jamaica_relative_wealth_index.csv,csv,,,
relative-wealth-index,Jordan_relative_wealth_index.csv,csv,,,
relative-wealth-index,Jordan_relative_wealth_index.csv,csv,,,
relative-wealth-index,Kazakhstan_relative_wealth_index.csv,csv,,,
relative-wealth-index,Kenya_relative_wealth_index.csv,csv,,,
relative-wealth-index,Kyrgyzstan_relative_wealth_index.csv,csv,,,
relative-wealth-index,Cambodia_relative_wealth_index.csv,csv,,,
relative-wealth-index,Laos_relative_wealth_index.csv,csv,,,
relative-wealth-index,Liberia_relative_wealth_index.csv,csv,,,
relative-wealth-index,Libya_relative_wealth_index.csv,csv,,,
relative-wealth-index,Saint Lucia_relative_wealth_index.csv,csv,,,
relative-wealth-index,Sri Lanka_relative_wealth_index.csv,csv,,,
relative-wealth-index,Lesotho_relative_wealth_index.csv,csv,,,
relative-wealth-index,Madagascar_relative_wealth_index.csv,csv,,,
relative-wealth-index,Maldives_relative_wealth_index.csv,csv,,,
relative-wealth-index,Mexico_relative_wealth_index.csv,csv,,,
relative-wealth-index,Mali_relative_wealth_index.csv,csv,,,
relative-wealth-index,Mongolia_relative_wealth_index.csv,csv,,,
relative-wealth-index,Morocco_relative_wealth_index.csv,csv,,,
relative-wealth-index,Mozambique_relative_wealth_index.csv,csv,,,
relative-wealth-index,Mauritania_relative_wealth_index.csv,csv,,,
relative-wealth-index,Mauritius_relative_wealth_index.csv,csv,,,
relative-wealth-index,Malawi_relative_wealth_index.csv,csv,,,
relative-wealth-index,Malaysia_relative_wealth_index.csv,csv,,,
relative-wealth-index,Namibia_relative_wealth_index.csv,csv,,,
relative-wealth-index,Niger_relative_wealth_index.csv,csv,,,
relative-wealth-index,Nigeria_relative_wealth_index.csv,csv,,,
relative-wealth-index,Nicaragua_relative_wealth_index.csv,csv,,,
relative-wealth-index,Nepal_relative_wealth_index.csv,csv,,,
relative-wealth-index,Peru_relative_wealth_index.csv,csv,,,
relative-wealth-index,Philippines_relative_wealth_index.csv,csv,,,
relative-wealth-index,Paraguay_relative_wealth_index.csv,csv,,,
relative-wealth-index,Rwanda_relative_wealth_index.csv,csv,,,
relative-wealth-index,Senegal_relative_wealth_index.csv,csv,,,
relative-wealth-index,Sierra Leone_relative_wealth_index.csv,csv,,,
relative-wealth-index,El Salvador_relative_wealth_index.csv,csv,,,
relative-wealth-index,Sao Tome and Principe_relative_wealth_index.csv,csv,,,
relative-wealth-index,Suriname_relative_wealth_index.csv,csv,,,
relative-wealth-index,Swaziland_relative_wealth_index.csv,csv,,,
relative-wealth-index,Chad_relative_wealth_index.csv,csv,,,
relative-wealth-index,Togo_relative_wealth_index.csv,csv,,,
relative-wealth-index,Thailand_relative_wealth_index.csv,csv,,,
relative-wealth-index,Tajikistan_relative_wealth_index.csv,csv,,,
relative-wealth-index,Turkmenistan_relative_wealth_index.csv,csv,,,
relative-wealth-index,Timor-Leste_relative_wealth_index.csv,csv,,,
relative-wealth-index,Tunisia_relative_wealth_index.csv,csv,,,
relative-wealth-index,Tanzania_relative_wealth_index.csv,csv,,,
relative-wealth-index,Uganda_relative_wealth_index.csv,csv,,,
relative-wealth-index,Uzbekistan_relative_wealth_index.csv,csv,,,
relative-wealth-index,Saint Vincent and Grenadines_relative_wealth_index.csv,csv,,,
relative-wealth-index,Vietnam_relative_wealth_index.csv,csv,,,
relative-wealth-index,South Africa_relative_wealth_index.csv,csv,,,
relative-wealth-index,Zambia_relative_wealth_index.csv,csv,,,
relative-wealth-index,Zimbabwe_relative_wealth_index.csv,csv,,,
un-collective-results-on-the-covid-19-socioeconomic-response-in-2020,SERP Programme Indicators results 2020.xlsm,xlsx,,,
ucdp-data-for-benin,Conflict Data for Benin,csv,1,0,
ucdp-data-for-benin,QuickCharts-Conflict Data for Benin,csv,1,0,
climate-change-opinion-survey,Climate_Change_Opinion_Survey_2022_aggregated.xlsx,xlsx,,,
climate-change-opinion-survey,Climate_Change_Opinion_Survey_Aggregated_06252021.xlsx,xlsx,,,
benin-languages,BJ_lang_admin0.csv,csv,1,0,
benin-languages,BJ_lang_admin1.csv,csv,12,0,
benin-languages,BJ_lang_admin2.csv,csv,77,0,
benin-languages,BJ_lang_v01.xlsx,xlsx,,,
benin-languages,metadata.pdf,pdf,,,Not checking format
benin-acled-conflict-data,benin_political_violence_events_and_fatalities_by_month-year,xlsx,,,
benin-acled-conflict-data,benin_political_violence_events_and_fatalities_by_year,xlsx,,,
benin-acled-conflict-data,benin_civilian_targeting_events_and_fatalities_by_month-year,xlsx,,,
benin-acled-conflict-data,benin_civilian_targeting_events_and_fatalities_by_year,xlsx,,,
benin-acled-conflict-data,benin_demonstration_events_by_month-year,xlsx,,,
benin-acled-conflict-data,benin_demonstration_events_by_year,xlsx,,,
grid3-benin-settlement-extents-version-01-01,Benin GRID3 Settlement Extents Version 01.01.pdf,pdf,,,Not checking format
grid3-benin-settlement-extents-version-01-01,GRID3_Benin_Settlement_Extents_Version_1.1.zip,geodatabase,192,192,
geoboundaries-admin-boundaries-for-benin,geoBoundaries-BEN-ADM0_simplified.geojson,geojson,,,
geoboundaries-admin-boundaries-for-benin,geoBoundaries-BEN-ADM0.geojson,geojson,,,
geoboundaries-admin-boundaries-for-benin,geoBoundaries-BEN-ADM0.topojson,geojson,,,
geoboundaries-admin-boundaries-for-benin,geoBoundaries-BEN-ADM0-all.zip,shp,,,
geoboundaries-admin-boundaries-for-benin,geoBoundaries-BEN-ADM1_simplified.geojson,geojson,,,
geoboundaries-admin-boundaries-for-benin,geoBoundaries-BEN-ADM1.geojson,geojson,,,
geoboundaries-admin-boundaries-for-benin,geoBoundaries-BEN-ADM1.topojson,geojson,,,
geoboundaries-admin-boundaries-for-benin,geoBoundaries-BEN-ADM1-all.zip,shp,,,
geoboundaries-admin-boundaries-for-benin,geoBoundaries-BEN-ADM2_simplified.geojson,geojson,,,
geoboundaries-admin-boundaries-for-benin,geoBoundaries-BEN-ADM2.geojson,geojson,,,
geoboundaries-admin-boundaries-for-benin,geoBoundaries-BEN-ADM2.topojson,geojson,,,
geoboundaries-admin-boundaries-for-benin,geoBoundaries-BEN-ADM2-all.zip,shp,,,
geoboundaries-admin-boundaries-for-benin,geoBoundaries-BEN-ADM3_simplified.geojson,geojson,,,
geoboundaries-admin-boundaries-for-benin,geoBoundaries-BEN-ADM3.geojson,geojson,,,
geoboundaries-admin-boundaries-for-benin,geoBoundaries-BEN-ADM3.topojson,geojson,,,
geoboundaries-admin-boundaries-for-benin,geoBoundaries-BEN-ADM3-all.zip,shp,,,
cod-em-ben,BEN_AdminBoundaries_TabularData.xlsx,xlsx,77,77,
cod-em-ben,ben_admbnda_1m_salb_20190816_em_v2_SHP.zip,shp,77,77,
cod-em-ben,ben_adm_1m_salb_20190816_em_v2.gdb.zip,geodatabase,1,0,
cod-em-ben,BEN_FR_Edgematch (MapServer),geoservice,,,Not checking format
kontur-boundaries-benin,kontur_boundaries_BJ_20220407.gpkg,geopackage,,,Unable to read resource
kontur-population-benin,kontur_population_BJ_20220630.gpkg,geopackage,,,Unable to read resource
interaction-data-for-benin,InterAction Member Data for Benin,csv,,,
